Workbook

Sheet Hoja1
A1: PRODUCTO | B1: DESCRIPCION | C1: UDM | D1: STOCK BODEGA | E1: $ | F1: =SUM(F2:F209) -> 5913475.2 | G1: STOCK RDP | H1: STOCK TOTAL | I1: =SUM(I2:I223) -> 8296133.8
A2: ABARROTES | B2: JAMON SERRANO | C2: KG | D2: 1 | E2: 22060 | F2: =+E2*D2 -> 22060 | G2: =+VLOOKUP(B2,'producto terminado'!B:D,3,) -> 0 | H2: =+G2+D2 -> 1 | I2: =+H2*E2 -> 22060
A3: ABARROTES | B3: HARINA EXTRAFINA 25KG | C3: UN | D3: 2 | E3: 15980 | F3: =+E3*D3 -> 31960 | G3: =+VLOOKUP(B3,'producto terminado'!B:D,3,) -> 0 | H3: =+G3+D3 -> 2 | I3: =+H3*E3 -> 31960
A4: ABARROTES | B4: HARINA PANIFICACION 25KG | C4: UN | D4: 3 | E4: 15850 | F4: =+E4*D4 -> 47550 | G4: =+VLOOKUP(B4,'producto terminado'!B:D,3,) -> 0 | H4: =+G4+D4 -> 3 | I4: =+H4*E4 -> 47550
A5: ABARROTES | B5: SABOR AHUMADO | C5: LT | D5: 0.33 | E5: 12489 | F5: =+E5*D5 -> 4121.37 | G5: =+VLOOKUP(B5,'producto terminado'!B:D,3,) -> 0 | H5: =+G5+D5 -> 0.33 | I5: =+H5*E5 -> 4121.37
A6: ABARROTES | B6: ALCAPARRAS 965G | C6: UN | D6: 2 | E6: 7983 | F6: =+E6*D6 -> 15966 | G6: =+VLOOKUP(B6,'producto terminado'!B:D,3,) -> 0 | H6: =+G6+D6 -> 2 | I6: =+H6*E6 -> 15966
A7: ABARROTES | B7: ACEITUNAS VERDES EN RODAJAS 1,7KG | C7: UN | D7: 1 | E7: 5670 | F7: =+E7*D7 -> 5670 | G7: =+VLOOKUP(B7,'producto terminado'!B:D,3,) -> 0 | H7: =+G7+D7 -> 1 | I7: =+H7*E7 -> 5670
A8: ABARROTES | B8: SALSA INGLESA | C8: LT | D8: 1.5 | E8: 4760 | F8: =+E8*D8 -> 7140 | G8: =+VLOOKUP(B8,'producto terminado'!B:D,3,) -> 0 | H8: =+G8+D8 -> 1.5 | I8: =+H8*E8 -> 7140
A9: ABARROTES | B9: ACETO BALSAMICO | C9: LT | D9: 0 | E9: 4520 | F9: =+E9*D9 -> 0 | G9: =+VLOOKUP(B9,'producto terminado'!B:D,3,) -> 0 | H9: =+G9+D9 -> 0 | I9: =+H9*E9 -> 0
A10: ABARROTES | B10: PALMITOS ENTEROS 810G | C10: UN | D10: 3 | E10: 3780 | F10: =+E10*D10 -> 11340 | G10: =+VLOOKUP(B10,'producto terminado'!B:D,3,) -> 0 | H10: =+G10+D10 -> 3 | I10: =+H10*E10 -> 11340
A11: ABARROTES | B11: ARROZ RISOTTO | C11: KG | D11: 16 | E11: 3600 | F11: =+E11*D11 -> 57600 | G11: =+VLOOKUP(B11,'producto terminado'!B:D,3,) -> 4 | H11: =+G11+D11 -> 20 | I11: =+H11*E11 -> 72000
A12: ABARROTES | B12: PEPINILLOS | C12: KG | D12: 1 | E12: 3450 | F12: =+E12*D12 -> 3450 | G12: =+VLOOKUP(B12,'producto terminado'!B:D,3,) -> 0 | H12: =+G12+D12 -> 1 | I12: =+H12*E12 -> 3450
A13: ABARROTES | B13: MAYO | C13: UN | D13: 1 | E13: 3190 | F13: =+E13*D13 -> 3190 | G13: =+VLOOKUP(B13,'producto terminado'!B:D,3,) -> 0 | H13: =+G13+D13 -> 1 | I13: =+H13*E13 -> 3190
... A27: ABARROTES | B27: COLAPEZ | C27: UN | D27: 112 | E27: 125 | F27: =+E27*D27 -> 14000 | G27: =+VLOOKUP(B27,'producto terminado'!B:D,3,) -> 0 | H27: =+G27+D27 -> 112 | I27: =+H27*E27 -> 14000
A28: ABARROTES | B28: FONDOS DE ALCACHOFAS 950G | C28: UN | D28: 1 | F28: =+E28*D28 -> 0 | G28: =+VLOOKUP(B28,'producto terminado'!B:D,3,) -> 0 | H28: =+G28+D28 -> 1 | I28: =+H28*E28 -> 0
A29: ABARROTES | B29: JUGO DE TOMATE 300CC | C29: UN | D29: 1 | F29: =+E29*D29 -> 0 | G29: =+VLOOKUP(B29,'producto terminado'!B:D,3,) -> 0 | H29: =+G29+D29 -> 1 | I29: =+H29*E29 -> 0
A30: ABARROTES | B30: ACEITUNAS VERDES DESHUESADAS 1,7KG | C30: UN | D30: 1 | F30: =+E30*D30 -> 0 | G30: =+VLOOKUP(B30,'producto terminado'!B:D,3,) -> 0 | H30: =+G30+D30 -> 1 | I30: =+H30*E30 -> 0
A31: ABARROTES | B31: POROTO NEGRO 1KG | C31: UN | D31: 1 | F31: =+E31*D31 -> 0 | G31: =+VLOOKUP(B31,'producto terminado'!B:D,3,) -> 0 | H31: =+G31+D31 -> 1 | I31: =+H31*E31 -> 0
A32: ABARROTES | B32: LEVADURA SECA 125G | C32: UN | D32: 1 | F32: =+E32*D32 -> 0 | G32: =+VLOOKUP(B32,'producto terminado'!B:D,3,) -> 0 | H32: =+G32+D32 -> 1 | I32: =+H32*E32 -> 0
A33: ABARROTES | B33: TROCITOS BARQUILLO | C33: KG | D33: 1 | F33: =+E33*D33 -> 0 | G33: =+VLOOKUP(B33,'producto terminado'!B:D,3,) -> 0 | H33: =+G33+D33 -> 1 | I33: =+H33*E33 -> 0
A34: ABARROTES | B34: MASAS LISTAS FILLO 320G | C34: UN | D34: 0 | F34: =+E34*D34 -> 0 | G34: =+VLOOKUP(B34,'producto terminado'!B:D,3,) -> 0 | H34: =+G34+D34 -> 0 | I34: =+H34*E34 -> 0
A35: ABARROTES | B35: PAN LIBRE DE GLUTEN MOLDE INTEGRAL | C35: UN | D35: 1 | F35: =+E35*D35 -> 0 | G35: =+VLOOKUP(B35,'producto terminado'!B:D,3,) -> 0 | H35: =+G35+D35 -> 1 | I35: =+H35*E35 -> 0
A36: ABARROTES | B36: ENSALADA LISTA | C36: KG | D36: 2.5 | F36: =+E36*D36 -> 0 | G36: =+VLOOKUP(B36,'producto terminado'!B:D,3,) -> 0 | H36: =+G36+D36 -> 2.5 | I36: =+H36*E36 -> 0
A37: ABARROTES | B37: ACEITUNAS NEGRAS EN RODAJAS 1,7KG | C37: UN | D37: 2 | F37: =+E37*D37 -> 0 | G37: =+VLOOKUP(B37,'producto terminado'!B:D,3,) -> 0 | H37: =+G37+D37 -> 2 | I37: =+H37*E37 -> 0
A38: ABARROTES | B38: POROTO PAYAR | C38: KG | D38: 0 | F38: =+E38*D38 -> 0 | G38: =+VLOOKUP(B38,'producto terminado'!B:D,3,) -> 0 | H38: =+G38+D38 -> 0 | I38: =+H38*E38 -> 0
A39: ART DE ASEO | B39: TOALLA DE MANO HOJA SENCILLA 350M | C39: un | D39: 6 | E39: 6578 | F39: =+E39*D39 -> 39468 | G39: =+VLOOKUP(B39,'producto terminado'!B:D,3,) -> 0 | H39: =+G39+D39 -> 6 | I39: =+H39*E39 -> 39468
A40: ART DE ASEO | B40: GUANTES BLACK L 100pcs | C40: cj | D40: 4 | E40: 4650 | F40: =+E40*D40 -> 18600 | G40: =+VLOOKUP(B40,'producto terminado'!B:D,3,) -> 0 | H40: =+G40+D40 -> 4 | I40: =+H40*E40 -> 18600
A41: ART DE ASEO | B41: GUANTES BLACK S 100pcs | C41: cj | D41: 2 | E41: 4650 | F41: =+E41*D41 -> 9300 | G41: =+VLOOKUP(B41,'producto terminado'!B:D,3,) -> 0 | H41: =+G41+D41 -> 2 | I41: =+H41*E41 -> 9300
A42: ART DE ASEO | B42: PAPEL HIGENICO ROLLO JUMBO 400M | C42: un | D42: 5 | E42: 2035 | F42: =+E42*D42 -> 10175 | G42: =+VLOOKUP(B42,'producto terminado'!B:D,3,) -> 0 | H42: =+G42+D42 -> 5 | I42: =+H42*E42 -> 10175
A43: ART DE ASEO | B43: PAÑO MULTIUSO TRADICIONAL | C43: PACK | D43: 6 | E43: 1640 | F43: =+E43*D43 -> 9840 | G43: =+VLOOKUP(B43,'producto terminado'!B:D,3,) -> 0 | H43: =+G43+D43 -> 6 | I43: =+H43*E43 -> 9840
A44: ART DE ASEO | B44: TRAPERO DOBLE c/OJAL 50x50 | C44: un | D44: 1 | E44: 1470 | F44: =+E44*D44 -> 1470 | G44: =+VLOOKUP(B44,'producto terminado'!B:D,3,) -> 0 | H44: =+G44+D44 -> 1 | I44: =+H44*E44 -> 1470
A45: ART DE ASEO | B45: DESODORANTE AMBIENTAL | C45: un | D45: 1 | E45: 1190 | F45: =+E45*D45 -> 1190 | G45: =+VLOOKUP(B45,'producto terminado'!B:D,3,) -> 0 | H45: =+G45+D45 -> 1 | I45: =+H45*E45 -> 1190
A46: ART DE ASEO | B46: TRAPERO 50x50 c/OJAL | C46: un | D46: 1 | E46: 1030 | F46: =+E46*D46 -> 1030 | G46: =+VLOOKUP(B46,'producto terminado'!B:D,3,) -> 0 | H46: =+G46+D46 -> 1 | I46: =+H46*E46 -> 1030
A47: ART DE ASEO | B47: PASTILLA LIMPIADORA HORNO VERDE | C47: un | D47: 100 | E47: 940 | F47: =+E47*D47 -> 94000 | G47: =+VLOOKUP(B47,'producto terminado'!B:D,3,) -> 0 | H47: =+G47+D47 -> 100 | I47: =+H47*E47 -> 94000
A48: ART DE ASEO | B48: ESPONJA DE ACERO EXTRA GRANDE | C48: un | D48: 13 | E48: 930 | F48: =+E48*D48 -> 12090 | G48: =+VLOOKUP(B48,'producto terminado'!B:D,3,) -> 0 | H48: =+G48+D48 -> 13 | I48: =+H48*E48 -> 12090
A49: ART DE ASEO | B49: PASTILLA LIMPIADORA HORNO AZUL | C49: un | D49: 100 | E49: 766 | F49: =+E49*D49 -> 76600 | G49: =+VLOOKUP(B49,'producto terminado'!B:D,3,) -> 0 | H49: =+G49+D49 -> 100 | I49: =+H49*E49 -> 76600
A50: ART DE ASEO | B50: ESPONJA FIBRA | C50: un | D50: 148 | E50: 230 | F50: =+E50*D50 -> 34040 | G50: =+VLOOKUP(B50,'producto terminado'!B:D,3,) -> 0 | H50: =+G50+D50 -> 148 | I50: =+H50*E50 -> 34040
... A54: ART DE ASEO | B54: LADRILLO PARA PARRILLA | C54: un | D54: 9 | E54: 4909 | F54: =+E54*D54 -> 44181 | G54: =+VLOOKUP(B54,'producto terminado'!B:D,3,) -> 0 | H54: =+G54+D54 -> 9 | I54: =+H54*E54 -> 44181
A55: ART DE ASEO | B55: ESCOBILLA LAVAROPA | C55: un | D55: 1 | F55: =+E55*D55 -> 0 | G55: =+VLOOKUP(B55,'producto terminado'!B:D,3,) -> 0 | H55: =+G55+D55 -> 1 | I55: =+H55*E55 -> 0
A56: ART DE ASEO | B56: LIMPIADOR DE PISO 5LT | C56: un | D56: 4 | F56: =+E56*D56 -> 0 | G56: =+VLOOKUP(B56,'producto terminado'!B:D,3,) -> 0 | H56: =+G56+D56 -> 4 | I56: =+H56*E56 -> 0
A57: ART DE ASEO | B57: CLORO GEL 1500LT | C57: un | D57: 2 | F57: =+E57*D57 -> 0 | G57: =+VLOOKUP(B57,'producto terminado'!B:D,3,) -> 0 | H57: =+G57+D57 -> 2 | I57: =+H57*E57 -> 0
A58: ART DE ASEO | B58: DESINFECTANTE CUATERNARIO 9% 1LT | C58: un | D58: 4 | F58: =+E58*D58 -> 0 | G58: =+VLOOKUP(B58,'producto terminado'!B:D,3,) -> 0 | H58: =+G58+D58 -> 4 | I58: =+H58*E58 -> 0
A59: ART DE ASEO | B59: DETERGENTE DESINCRUSTANTE ACIDO 1LT | C59: un | D59: 1 | F59: =+E59*D59 -> 0 | G59: =+VLOOKUP(B59,'producto terminado'!B:D,3,) -> 0 | H59: =+G59+D59 -> 1 | I59: =+H59*E59 -> 0
A60: ART DE ASEO | B60: JABON USO GENERAL EN SPRAY 800ML | C60: un | D60: 28 | F60: =+E60*D60 -> 0 | G60: =+VLOOKUP(B60,'producto terminado'!B:D,3,) -> 0 | H60: =+G60+D60 -> 28 | I60: =+H60*E60 -> 0
A61: ART DE ASEO | B61: GUANTE ACTIVEX NITRILO FLOCADO VERDE M | C61: un | D61: 11 | F61: =+E61*D61 -> 0 | G61: =+VLOOKUP(B61,'producto terminado'!B:D,3,) -> 0 | H61: =+G61+D61 -> 11 | I61: =+H61*E61 -> 0
A62: ART DE ASEO | B62: LUSTRAMUEBKES 500ML | C62: un | D62: 1 | F62: =+E62*D62 -> 0 | G62: =+VLOOKUP(B62,'producto terminado'!B:D,3,) -> 0 | H62: =+G62+D62 -> 1 | I62: =+H62*E62 -> 0
A63: ART DE ASEO | B63: PAPEL HIGENICO | C63: un | D63: 1 | F63: =+E63*D63 -> 0 | G63: =+VLOOKUP(B63,'producto terminado'!B:D,3,) -> 0 | H63: =+G63+D63 -> 1 | I63: =+H63*E63 -> 0
A64: CAFETERIA | B64: LUCAFFE CAPSULA ESPRESSO | C64: UN | D64: 2 | E64: =550*150 -> 82500 | F64: =+E64*D64 -> 165000 | G64: =+VLOOKUP(B64,'producto terminado'!B:D,3,) -> 1 | H64: =+G64+D64 -> 3 | I64: =+H64*E64 -> 247500
A65: CAFETERIA | B65: LUCAFFE PERCOLADO | C65: UN | D65: 8 | E65: 23850 | F65: =+E65*D65 -> 190800 | G65: =+VLOOKUP(B65,'producto terminado'!B:D,3,) -> 0 | H65: =+G65+D65 -> 8 | I65: =+H65*E65 -> 190800
A66: CAFETERIA | B66: CHOCOLATE BLANCO ECUADOR 31% CACAO | C66: KG | D66: 8 | E66: 21080 | F66: =+E66*D66 -> 168640 | G66: =+VLOOKUP(B66,'producto terminado'!B:D,3,) -> 0 | H66: =+G66+D66 -> 8 | I66: =+H66*E66 -> 168640
A67: CAFETERIA | B67: CHOCOLATE NEGRO ECUADOR 56% CACAO | C67: KG | D67: 12 | E67: 16845 | F67: =+E67*D67 -> 202140 | G67: =+VLOOKUP(B67,'producto terminado'!B:D,3,) -> 0 | H67: =+G67+D67 -> 12 | I67: =+H67*E67 -> 202140
A68: CAFETERIA | B68: CAFÉ INSTANTANEO NESCAFE | C68: UN | D68: 1 | E68: 12171 | F68: =+E68*D68 -> 12171 | G68: =+VLOOKUP(B68,'producto terminado'!B:D,3,) -> 0 | H68: =+G68+D68 -> 1 | I68: =+H68*E68 -> 12171
A69: CAFETERIA | B69: MIEL 900ML | C69: UN | D69: 1 | E69: 4500 | F69: =+E69*D69 -> 4500 | G69: =+VLOOKUP(B69,'producto terminado'!B:D,3,) -> 0 | H69: =+G69+D69 -> 1 | I69: =+H69*E69 -> 4500
A70: CAFETERIA | B70: AZUCAR RUBIA 500GR | C70: UN | D70: 2 | E70: 2334 | F70: =+E70*D70 -> 4668 | G70: =+VLOOKUP(B70,'producto terminado'!B:D,3,) -> 0 | H70: =+G70+D70 -> 2 | I70: =+H70*E70 -> 4668
A71: CAFETERIA | B71: AZUCAR FLOR 1KG | C71: UN | D71: 5 | E71: 1860 | F71: =+E71*D71 -> 9300 | G71: =+VLOOKUP(B71,'producto terminado'!B:D,3,) -> 0 | H71: =+G71+D71 -> 5 | I71: =+H71*E71 -> 9300
A72: CAFETERIA | B72: AZUCAR BLANCA GRANULADA 1KG | C72: UN | D72: 6 | E72: 1154 | F72: =+E72*D72 -> 6924 | G72: =+VLOOKUP(B72,'producto terminado'!B:D,3,) -> 2.5 | H72: =+G72+D72 -> 8.5 | I72: =+H72*E72 -> 9809
A73: CAFETERIA | B73: TE BOLDO | C73: UN | D73: 20 | E73: 325 | F73: =+E73*D73 -> 6500 | G73: =+VLOOKUP(B73,'producto terminado'!B:D,3,) -> 19 | H73: =+G73+D73 -> 39 | I73: =+H73*E73 -> 12675
A74: CAFETERIA | B74: TE MANZANILLA | C74: UN | D74: 40 | E74: 325 | F74: =+E74*D74 -> 13000 | G74: =+VLOOKUP(B74,'producto terminado'!B:D,3,) -> 2 | H74: =+G74+D74 -> 42 | I74: =+H74*E74 -> 13650
A75: CAFETERIA | B75: TE MENTA PIPERITA | C75: UN | D75: 20 | E75: 325 | F75: =+E75*D75 -> 6500 | G75: =+VLOOKUP(B75,'producto terminado'!B:D,3,) -> 0 | H75: =+G75+D75 -> 20 | I75: =+H75*E75 -> 6500
A76: CAFETERIA | B76: TE CEDRON CITRICO | C76: UN | D76: 40 | E76: 325 | F76: =+E76*D76 -> 13000 | G76: =+VLOOKUP(B76,'producto terminado'!B:D,3,) -> 43 | H76: =+G76+D76 -> 83 | I76: =+H76*E76 -> 26975
... A78: CAFETERIA | B78: DIS401 | C78: UN | D78: 192 | E78: 281 | F78: =+E78*D78 -> 53952 | G78: =+VLOOKUP(B78,'producto terminado'!B:D,3,) -> 0 | H78: =+G78+D78 -> 192 | I78: =+H78*E78 -> 53952
A79: CAFETERIA | B79: DIS230 | C79: UN | D79: 0 | F79: =+E79*D79 -> 0 | G79: =+VLOOKUP(B79,'producto terminado'!B:D,3,) -> 0 | H79: =+G79+D79 -> 0 | I79: =+H79*E79 -> 0
A80: CAFETERIA | B80: CACAO MOLIDO | C80: KG | D80: 0.7 | F80: =+E80*D80 -> 0 | G80: =+VLOOKUP(B80,'producto terminado'!B:D,3,) -> 0 | H80: =+G80+D80 -> 0.7 | I80: =+H80*E80 -> 0
A81: CAFETERIA | B81: ENDULZANTE 0,5 | C81: UN | D81: 2000 | F81: =+E81*D81 -> 0 | G81: =+VLOOKUP(B81,'producto terminado'!B:D,3,) -> 770 | H81: =+G81+D81 -> 2770 | I81: =+H81*E81 -> 0
A82: CONDIMENTOS | B82: CLAVOS DE OLOR | C82: KG | D82: 0.4 | E82: 25000 | F82: =+E82*D82 -> 10000 | G82: =+VLOOKUP(B82,'producto terminado'!B:D,3,) -> 0 | H82: =+G82+D82 -> 0.4 | I82: =+H82*E82 -> 10000
A83: CONDIMENTOS | B83: ACEITE VEGETAL 5LT | C83: UN | D83: 3 | E83: 9875 | F83: =+E83*D83 -> 29625 | G83: =+VLOOKUP(B83,'producto terminado'!B:D,3,) -> 0 | H83: =+G83+D83 -> 3 | I83: =+H83*E83 -> 29625
A84: CONDIMENTOS | B84: AZAFRAN | C84: GR | D84: 10 | E84: 9000 | F84: =+E84*D84 -> 90000 | G84: =+VLOOKUP(B84,'producto terminado'!B:D,3,) -> 0 | H84: =+G84+D84 -> 10 | I84: =+H84*E84 -> 90000
A85: CONDIMENTOS | B85: VINAGRE DE MANZANA 5LT | C85: UN | D85: 1 | E85: 6950 | F85: =+E85*D85 -> 6950 | G85: =+VLOOKUP(B85,'producto terminado'!B:D,3,) -> 0 | H85: =+G85+D85 -> 1 | I85: =+H85*E85 -> 6950
A86: CONDIMENTOS | B86: SEMILLA DE MOSTAZA | C86: KG | D86: 0 | E86: 6800 | F86: =+E86*D86 -> 0 | G86: =+VLOOKUP(B86,'producto terminado'!B:D,3,) -> 0 | H86: =+G86+D86 -> 0 | I86: =+H86*E86 -> 0
A87: CONDIMENTOS | B87: JENGIBRE | C87: KG | D87: 0.35 | E87: 4500 | F87: =+E87*D87 -> 1575 | G87: =+VLOOKUP(B87,'producto terminado'!B:D,3,) -> 0 | H87: =+G87+D87 -> 0.35 | I87: =+H87*E87 -> 1575
A88: CONDIMENTOS | B88: TABASCO | C88: UN | D88: 2 | E88: 2280 | F88: =+E88*D88 -> 4560 | G88: =+VLOOKUP(B88,'producto terminado'!B:D,3,) -> 0 | H88: =+G88+D88 -> 2 | I88: =+H88*E88 -> 4560
A89: CONDIMENTOS | B89: SAL DE MAR 800GR | C89: UN | D89: 1 | E89: 1610 | F89: =+E89*D89 -> 1610 | G89: =+VLOOKUP(B89,'producto terminado'!B:D,3,) -> 0 | H89: =+G89+D89 -> 1 | I89: =+H89*E89 -> 1610
A90: CONDIMENTOS | B90: SAL DE MESA 1KG | C90: UN | D90: 11 | E90: 495 | F90: =+E90*D90 -> 5445 | G90: =+VLOOKUP(B90,'producto terminado'!B:D,3,) -> 3.5 | H90: =+G90+D90 -> 14.5 | I90: =+H90*E90 -> 7177.5
A91: CONDIMENTOS | B91: AJO | C91: UN | D91: 8 | E91: 200 | F91: =+E91*D91 -> 1600 | G91: =+VLOOKUP(B91,'producto terminado'!B:D,3,) -> 0 | H91: =+G91+D91 -> 8 | I91: =+H91*E91 -> 1600
A92: CONDIMENTOS | B92: CANELA MOLIDA | C92: KG | D92: 0 | F92: =+E92*D92 -> 0 | G92: =+VLOOKUP(B92,'producto terminado'!B:D,3,) -> 0 | H92: =+G92+D92 -> 0 | I92: =+H92*E92 -> 0
A93: CONDIMENTOS | B93: ANIS | C93: KG | D93: 1.84 | F93: =+E93*D93 -> 0 | G93: =+VLOOKUP(B93,'producto terminado'!B:D,3,) -> 0 | H93: =+G93+D93 -> 1.84 | I93: =+H93*E93 -> 0
A94: CONDIMENTOS | B94: AJI DE COLOR | C94: KG | D94: 0.16 | F94: =+E94*D94 -> 0 | G94: =+VLOOKUP(B94,'producto terminado'!B:D,3,) -> 0 | H94: =+G94+D94 -> 0.16 | I94: =+H94*E94 -> 0
A95: CONDIMENTOS | B95: MIX SESAMO | C95: KG | D95: 0 | F95: =+E95*D95 -> 0 | G95: =+VLOOKUP(B95,'producto terminado'!B:D,3,) -> 0 | H95: =+G95+D95 -> 0 | I95: =+H95*E95 -> 0
A96: CONDIMENTOS | B96: PIMIENTA BLANCA | C96: KG | D96: 1.1 | F96: =+E96*D96 -> 0 | G96: =+VLOOKUP(B96,'producto terminado'!B:D,3,) -> 0 | H96: =+G96+D96 -> 1.1 | I96: =+H96*E96 -> 0
A97: CONDIMENTOS | B97: AJO EN POLVO | C97: KG | D97: 0.3 | F97: =+E97*D97 -> 0 | G97: =+VLOOKUP(B97,'producto terminado'!B:D,3,) -> 0 | H97: =+G97+D97 -> 0.3 | I97: =+H97*E97 -> 0
A98: CONDIMENTOS | B98: COMINO | C98: KG | D98: 1 | F98: =+E98*D98 -> 0 | G98: =+VLOOKUP(B98,'producto terminado'!B:D,3,) -> 0 | H98: =+G98+D98 -> 1 | I98: =+H98*E98 -> 0
A99: CONDIMENTOS | B99: PIMIENTA NEGRA | C99: KG | D99: 1 | F99: =+E99*D99 -> 0 | G99: =+VLOOKUP(B99,'producto terminado'!B:D,3,) -> 0 | H99: =+G99+D99 -> 1 | I99: =+H99*E99 -> 0
A100: CONDIMENTOS | B100: PALO DE CANELA | C100: UN | D100: 1.2 | F100: =+E100*D100 -> 0 | G100: =+VLOOKUP(B100,'producto terminado'!B:D,3,) -> 0 | H100: =+G100+D100 -> 1.2 | I100: =+H100*E100 -> 0
A101: CONDIMENTOS | B101: OREGANO ENTERO | C101: KG | D101: 2 | F101: =+E101*D101 -> 0 | G101: =+VLOOKUP(B101,'producto terminado'!B:D,3,) -> 0 | H101: =+G101+D101 -> 2 | I101: =+H101*E101 -> 0
A102: CONGELADOS | B102: PULPA MANGO | C102: KG | D102: 5 | E102: 6500 | F102: =+E102*D102 -> 32500 | G102: =+VLOOKUP(B102,'producto terminado'!B:D,3,) -> 6 | H102: =+G102+D102 -> 11 | I102: =+H102*E102 -> 71500
A103: CONGELADOS | B103: PULPA PIÑA | C103: KG | D103: 7 | E103: 5800 | F103: =+E103*D103 -> 40600 | G103: =+VLOOKUP(B103,'producto terminado'!B:D,3,) -> 4 | H103: =+G103+D103 -> 11 | I103: =+H103*E103 -> 63800
A104: CONGELADOS | B104: PULPA FRUTILLA | C104: KG | D104: 7 | E104: 4800 | F104: =+E104*D104 -> 33600 | G104: =+VLOOKUP(B104,'producto terminado'!B:D,3,) -> 6 | H104: =+G104+D104 -> 13 | I104: =+H104*E104 -> 62400
A105: CONGELADOS | B105: POROTOS GRANADOS 1KG | C105: UN | D105: 2 | E105: 4060 | F105: =+E105*D105 -> 8120 | G105: =+VLOOKUP(B105,'producto terminado'!B:D,3,) -> 0 | H105: =+G105+D105 -> 2 | I105: =+H105*E105 -> 8120
A106: CONGELADOS | B106: PURE DE PALTA | C106: KG | D106: 10 | E106: 3900 | F106: =+E106*D106 -> 39000 | G106: =+VLOOKUP(B106,'producto terminado'!B:D,3,) -> 0 | H106: =+G106+D106 -> 10 | I106: =+H106*E106 -> 39000
A107: CONGELADOS | B107: PASTA DE CHOCLO C/ALBAHACA | C107: KG | D107: 16 | E107: 2880 | F107: =+E107*D107 -> 46080 | G107: =+VLOOKUP(B107,'producto terminado'!B:D,3,) -> 0 | H107: =+G107+D107 -> 16 | I107: =+H107*E107 -> 46080
A108: CONGELADOS | B108: PULPA FRUTILLA M | C108: KG | D108: 2 | E108: 2800 | F108: =+E108*D108 -> 5600 | G108: =+VLOOKUP(B108,'producto terminado'!B:D,3,) -> 0 | H108: =+G108+D108 -> 2 | I108: =+H108*E108 -> 5600
A109: CONGELADOS | B109: PULPA MANGO M | C109: KG | D109: 12 | E109: 2700 | F109: =+E109*D109 -> 32400 | G109: =+VLOOKUP(B109,'producto terminado'!B:D,3,) -> 2 | H109: =+G109+D109 -> 14 | I109: =+H109*E109 -> 37800
A110: CONGELADOS | B110: TROZOS DE MANGOS | C110: KG | D110: 5 | E110: 3050 | F110: =+E110*D110 -> 15250 | G110: 0 | H110: =+G110+D110 -> 5 | I110: =+H110*E110 -> 15250
A111: CONGELADOS | B111: ARVEJAS | C111: KG | D111: 2 | E111: 2520 | F111: =+E111*D111 -> 5040 | G111: =+VLOOKUP(B111,'producto terminado'!B:D,3,) -> 0 | H111: =+G111+D111 -> 2 | I111: =+H111*E111 -> 5040
A112: FRUTA | B112: FRUTILLA | C112: KG | D112: 1 | E112: 3800 | F112: =+E112*D112 -> 3800 | G112: =+VLOOKUP(B112,'producto terminado'!B:D,3,) -> 0.25 | H112: =+G112+D112 -> 1.25 | I112: =+H112*E112 -> 4750
A113: FRUTA | B113: PIÑA | C113: UN | D113: 0 | E113: 3500 | F113: =+E113*D113 -> 0 | G113: =+VLOOKUP(B113,'producto terminado'!B:D,3,) -> 2 | H113: =+G113+D113 -> 2 | I113: =+H113*E113 -> 7000
A114: FRUTA | B114: KIWI | C114: KG | D114: 2.5 | E114: 2500 | F114: =+E114*D114 -> 6250 | G114: =+VLOOKUP(B114,'producto terminado'!B:D,3,) -> 0 | H114: =+G114+D114 -> 2.5 | I114: =+H114*E114 -> 6250
A115: FRUTA | B115: PERA NO MADURA | C115: KG | D115: 3.4 | E115: 1800 | F115: =+E115*D115 -> 6120 | G115: =+VLOOKUP(B115,'producto terminado'!B:D,3,) -> 0 | H115: =+G115+D115 -> 3.4 | I115: =+H115*E115 -> 6120
A116: FRUTA | B116: MANZANA VERDE | C116: KG | D116: 8.6 | E116: 1690 | F116: =+E116*D116 -> 14534 | G116: =+VLOOKUP(B116,'producto terminado'!B:D,3,) -> 0 | H116: =+G116+D116 -> 8.6 | I116: =+H116*E116 -> 14534
A117: FRUTA | B117: NARANJA | C117: KG | D117: 2.5 | E117: 1300 | F117: =+E117*D117 -> 3250 | G117: =+VLOOKUP(B117,'producto terminado'!B:D,3,) -> 0 | H117: =+G117+D117 -> 2.5 | I117: =+H117*E117 -> 3250
...

Sheet producto terminado
A1: PRODUCTO | B1: DESCRIPCION | C1: UDM | D1: STOCK | E1: $ | F1: =SUM(F2:F209) -> 1411104.2
A2: HELADO | B2: FRUTILLA | C2: UN | D2: 0.25 | E2: 21900 | F2: =+E2*D2 -> 5475
A3: LACTEOS | B3: MANTEQUILLA SIN SAL 5KG | C3: UN | D3: 0.4 | E3: 40000 | F3: =+E3*D3 -> 16000
A4: HELADO | B4: FRAMBUESA | C4: UN | D4: 0.5 | E4: 21900 | F4: =+E4*D4 -> 10950
A5: PROTEINA | B5: POLLO ARVERJADO | C5: KG | D5: 0.5 | E5: 2790 | F5: =+E5*D5 -> 1395
A6: HELADO | B6: PISTACHO | C6: UN | D6: 0.5 | F6: =+E6*D6 -> 0
A7: VERDURA | B7: MIX DE HOJA | C7: KG | D7: 0.6 | E7: 7000 | F7: =+E7*D7 -> 4200
A8: PROTEINA | B8: COSTILLAR | C8: KG | D8: 0.9 | E8: 6444 | F8: =+E8*D8 -> 5799.6
A9: HELADO | B9: CHOCOLATE | C9: UN | D9: 0.9 | E9: 23900 | F9: =+E9*D9 -> 21510
A10: CAFETERIA | B10: LUCAFFE CAPSULA ESPRESSO | C10: UN | D10: 1 | E10: =550*150 -> 82500 | F10: =+E10*D10 -> 82500
A11: HELADO | B11: VAINILLA | C11: UN | D11: 1.2 | E11: 21900 | F11: =+E11*D11 -> 26280
A12: LACTEOS | B12: QUESO PARMESANO | C12: KG | D12: 1.49 | E12: 9990 | F12: =+E12*D12 -> 14885.1
A13: LACTEOS | B13: LECHE ENTERA LIQUIDA 1LT | C13: UN | D13: 2 | E13: 1400 | F13: =+E13*D13 -> 2800
A14: CONGELADOS | B14: PULPA MANGO M | C14: KG | D14: 2 | E14: 2700 | F14: =+E14*D14 -> 5400
A15: CAFETERIA | B15: TE MANZANILLA | C15: UN | D15: 2 | E15: 325 | F15: =+E15*D15 -> 650
A16: FRUTA | B16: PIÑA | C16: UN | D16: 2 | E16: 3500 | F16: =+E16*D16 -> 7000
A17: INSUMOS | B17: SERVILLETAS RESTAURANTE 160UN | C17: UN | D17: 2 | F17: =+E17*D17 -> 0
A18: BEBIDAS | B18: SPRITE 1,5 | C18: UN | D18: 2 | F18: =+E18*D18 -> 0
A19: PROTEINA | B19: CAMARON NAILON | C19: KG | D19: 2.35 | E19: 14300 | F19: =+E19*D19 -> 33605
A20: PROTEINA | B20: MALAYA | C20: KG | D20: =0.3*8 -> 2.4 | F20: =+E20*D20 -> 0
A21: PROTEINA | B21: SALMON FRESCO | C21: KG | D21: =12*0.2 -> 2.4 | E21: 13390 | F21: =+E21*D21 -> 32136
A22: CAFETERIA | B22: AZUCAR BLANCA GRANULADA 1KG | C22: UN | D22: 2.5 | E22: 1154 | F22: =+E22*D22 -> 2885
A23: PROTEINA | B23: MERLUSA AUSTRAL | C23: UN | D23: =17*0.2 -> 3.4 | E23: 11790 | F23: =+E23*D23 -> 40086
A24: CONDIMENTOS | B24: SAL DE MESA 1KG | C24: UN | D24: 3.5 | E24: 495 | F24: =+E24*D24 -> 1732.5
A25: PROTEINA | B25: PULPO | C25: KG | D25: 3.91 | E25: 12400 | F25: =+E25*D25 -> 48484
A26: CONGELADOS | B26: PULPA PIÑA | C26: KG | D26: 4 | E26: 5800 | F26: =+E26*D26 -> 23200
A27: ABARROTES | B27: ARROZ RISOTTO | C27: KG | D27: 4 | E27: 3600 | F27: =+E27*D27 -> 14400
A28: VERDURA | B28: LIMON AMARILLO | C28: KG | D28: 4 | E28: 639 | F28: =+E28*D28 -> 2556
A29: PROTEINA | B29: OSOBUCO | C29: KG | D29: =0.5*9 -> 4.5 | E29: 10990 | F29: =+E29*D29 -> 49455
A30: PROTEINA | B30: OSTION | C30: KG | D30: 4.675 | E30: 26950 | F30: =+E30*D30 -> 125991.25
A31: VERDURA | B31: LECHUGA LOLLO VERDE | C31: UN | D31: 5 | E31: 500 | F31: =+E31*D31 -> 2500
A32: BEBIDAS | B32: TONICA LATA | C32: UN | D32: 5 | F32: =+E32*D32 -> 0
A33: PROTEINA | B33: LOMO VETADO | C33: KG | D33: 5.265 | E33: 25490 | F33: =+E33*D33 -> 134204.85
A34: CONGELADOS | B34: PULPA MANGO | C34: KG | D34: 6 | E34: 6500 | F34: =+E34*D34 -> 39000
A35: CONGELADOS | B35: PULPA FRUTILLA | C35: KG | D35: 6 | E35: 4800 | F35: =+E35*D35 -> 28800
A36: PROTEINA | B36: SALSA DE OSTION | C36: KG | D36: 6.655 | F36: =+E36*D36 -> 0
A37: HIERBA | B37: MENTA | C37: KG | D37: 7 | E37: 8500 | F37: =+E37*D37 -> 59500
A38: PROTEINA | B38: ATUN | C38: KG | D38: 7.185 | E38: 11990 | F38: =+E38*D38 -> 86148.15
A39: PASTA | B39: FETUCCINI | C39: KG | D39: 9.554 | E39: 9500 | F39: =+E39*D39 -> 90763
A40: BEBIDAS | B40: COCA COLA | C40: UN | D40: 10 | F40: =+E40*D40 -> 0
A41: LACTEOS | B41: MANTEQUILLA DE CAMPO 250GR | C41: UN | D41: 11 | E41: 1749.5 | F41: =+E41*D41 -> 19244.5
A42: BEBIDAS | B42: SPRITE ZERO LATA | C42: UN | D42: 17 | F42: =+E42*D42 -> 0
A43: PROTEINA | B43: FILETE S/C | C43: KG | D43: =7.23+1.245+8.695 -> 17.17 | E43: 19990 | F43: =+E43*D43 -> 343228.3
A44: CAFETERIA | B44: TE BOLDO | C44: UN | D44: 19 | E44: 325 | F44: =+E44*D44 -> 6175
A45: BEBIDAS | B45: GINGER ALE ZERO LATA | C45: UN | D45: 32 | F45: =+E45*D45 -> 0
A46: BEBIDAS | B46: GINGER ALE ORIGINAL LATA | C46: UN | D46: 34 | F46: =+E46*D46 -> 0
A47: BEBIDAS | B47: SPRITE LATA ORIGINAL | C47: UN | D47: 38 | F47: =+E47*D47 -> 0
A48: PROTEINA | B48: HUEVO | C48: UN | D48: 42 | E48: 195 | F48: =+E48*D48 -> 8190
A49: CAFETERIA | B49: TE CEDRON CITRICO | C49: UN | D49: 43 | E49: 325 | F49: =+E49*D49 -> 13975
A50: CAFETERIA | B50: ENDULZANTE 0,5 | C50: UN | D50: 770 | F50: =+E50*D50 -> 0
A51: CAFETERIA | B51: LUCAFFE PERCOLADO | C51: UN | E51: 23850 | F51: =+E51*D51 -> 0
A52: CAFETERIA | B52: CHOCOLATE BLANCO ECUADOR 31% CACAO | C52: KG | E52: 21080 | F52: =+E52*D52 -> 0
A53: ART DE ASEO | B53: PASTILLA LIMPIADORA HORNO VERDE | C53: un | E53: 940 | F53: =+E53*D53 -> 0
A54: CAFETERIA | B54: CHOCOLATE NEGRO ECUADOR 56% CACAO | C54: KG | E54: 16845 | F54: =+E54*D54 -> 0
A55: PROTEINA | B55: PLATEADA ENTERO | C55: KG | E55: 7100 | F55: =+E55*D55 -> 0
A56: PROTEINA | B56: CONEJO | C56: KG | E56: 16776 | F56: =+E56*D56 -> 0
A57: ART DE ASEO | B57: PASTILLA LIMPIADORA HORNO AZUL | C57: un | E57: 766 | F57: =+E57*D57 -> 0
A58: CAFETERIA | B58: DIS401 | C58: UN | E58: 281 | F58: =+E58*D58 -> 0
A59: PROTEINA | B59: CAMARON ECUATORIANO | C59: KG | E59: 9820 | F59: =+E59*D59 -> 0
A60: FRUTOS SECOS | B60: PRALINE 3KG | C60: KG | E60: 20500 | F60: =+E60*D60 -> 0
A61: PROTEINA | B61: GARRON DE CORDERO | C61: KG | E61: 13000 | F61: =+E61*D61 -> 0
A62: ART DE ASEO | B62: TOALLA DE MANO HOJA SENCILLA 350M | C62: un | E62: 6578 | F62: =+E62*D62 -> 0
... A162: VERDURA | B162: RABANITO | C162: PAQUETES | E162: 1000 | F162: =+E162*D162 -> 0
A163: ABARROTES | B163: FONDOS DE ALCACHOFAS 950G | C163: UN | F163: =+E163*D163 -> 0
A164: ABARROTES | B164: JUGO DE TOMATE 300CC | C164: UN | F164: =+E164*D164 -> 0
A165: ABARROTES | B165: ACEITUNAS VERDES DESHUESADAS 1,7KG | C165: UN | F165: =+E165*D165 -> 0
A166: ABARROTES | B166: POROTO NEGRO 1KG | C166: UN | F166: =+E166*D166 -> 0
A167: ABARROTES | B167: LEVADURA SECA 125G | C167: UN | F167: =+E167*D167 -> 0
A168: ABARROTES | B168: TROCITOS BARQUILLO | C168: KG | F168: =+E168*D168 -> 0
A169: ABARROTES | B169: MASAS LISTAS FILLO 320G | C169: UN | F169: =+E169*D169 -> 0
A170: ABARROTES | B170: PAN LIBRE DE GLUTEN MOLDE INTEGRAL | C170: UN | F170: =+E170*D170 -> 0
A171: ABARROTES | B171: ENSALADA LISTA | C171: KG | F171: =+E171*D171 -> 0
A172: ABARROTES | B172: ACEITUNAS NEGRAS EN RODAJAS 1,7KG | C172: UN | F172: =+E172*D172 -> 0
A173: ABARROTES | B173: POROTO PAYAR | C173: KG | F173: =+E173*D173 -> 0
A174: ART DE ASEO | B174: GUANTES BLACK S 100pcs | C174: cj | E174: 4650 | F174: =+E174*D174 -> 0
A175: ART DE ASEO | B175: ESPONJA PARRILLERA X 3UN | C175: un | F175: =+E175*D175 -> 0
A176: ART DE ASEO | B176: LADRILLO PARA PARRILLA | C176: un | F176: =+E176*D176 -> 0
A177: ART DE ASEO | B177: ESCOBILLA LAVAROPA | C177: un | F177: =+E177*D177 -> 0
A178: ART DE ASEO | B178: LIMPIADOR DE PISO 5LT | C178: un | F178: =+E178*D178 -> 0
A179: ART DE ASEO | B179: CLORO GEL 1500LT | C179: un | F179: =+E179*D179 -> 0
A180: ART DE ASEO | B180: DESINFECTANTE CUATERNARIO 9% 1LT | C180: un | F180: =+E180*D180 -> 0
A181: ART DE ASEO | B181: DETERGENTE DESINCRUSTANTE ACIDO 1LT | C181: un | F181: =+E181*D181 -> 0
A182: ART DE ASEO | B182: JABON USO GENERAL EN SPRAY 800ML | C182: un | F182: =+E182*D182 -> 0
A183: ART DE ASEO | B183: GUANTE ACTIVEX NITRILO FLOCADO VERDE M | C183: un | F183: =+E183*D183 -> 0
A184: ART DE ASEO | B184: LUSTRAMUEBKES 500ML | C184: un | F184: =+E184*D184 -> 0
A185: ART DE ASEO | B185: PAPEL HIGENICO | C185: un | F185: =+E185*D185 -> 0
A186: CAFETERIA | B186: CACAO MOLIDO | C186: KG | F186: =+E186*D186 -> 0
... A217: CAFETERIA | B217: DIS230 | C217: UN | F217: =+E217*D217 -> 0
